id,name,surname,email
1,John,Doe,john.doe@example.com
2,Alice,Smith,alice.smith@example.com
3,Michael,Johnson,michael.johnson@example.com
4,Emily,Brown,emily.brown@example.com
5,David,Jones,david.jones@example.com
6,John,Doe,john.doe@example.com
7,Alice,Smith,alice.smith@example.com
8,Michael,Johnson,michael.johnson@example.com
9,Emily,Brown,emily.brown@example.com
10,David,Jones,david.jones@example.com
11,John,Doe,john.doe@example.com
12,Alice,Smith,alice.smith@example.com
13,Michael,Johnson,michael.johnson@example.com
14,Emily,Brown,emily.brown@example.com
15,David,Jones,david.jones@example.com
16,John,Doe,john.doe@example.com
17,Alice,Smith,alice.smith@example.com
18,Michael,Johnson,michael.johnson@example.com
19,Emily,Brown,emily.brown@example.com
20,David,Jones,david.jones@example.com
